pmid,title,authors,year,journal,doi,queries,decision
10139145,Hospital resource allocation.,Schwantes VD,1994,The Health care supervisor,,['capacity demand forecasting'],screened - potentially relevant
11187595,Simulation to estimate the capacity of a stroke unit.,Heinrichs M; Beekman R; Limburg M,2000,Studies in health technology and informatics,,['patient flow implementation'],screened - potentially relevant
11280631,Health informatics.,Imhoff M; Webb A; Goldschmidt A,2001,Intensive care medicine,10.1007/pl00020869,['cost navigation'],exclude - clinical topic/irrelevant mechanism
11294724,Applying economic principles to health care.,Scott RD; Solomon SL; McGowan JE,2001,Emerging infectious diseases,10.3201/eid0702.010227,['capacity demand forecasting'],screened - background/unclear
11978231,Family physicians' referral decisions: results from the ASPN referral study.,Forrest CB; Nutting PA; Starfield B; von Schrader S,2002,The Journal of family practice,,['referral coordination'],exclude - clinical topic/irrelevant mechanism
11998578,An advance triage system.,Cheung WW; Heeney L; Pound JL,2002,Accident and emergency nursing,10.1054/aaen.2001.0315,['patient flow queues'],screened - potentially relevant
12205209,Influence of a nurse practitioner on non-attendance rate for barium enema.,Scott M; Allen S; Bamford A; Walshe M; Clark CI,2002,Journal of the Royal Society of Medicine,10.1177/014107680209500906,['appointment scheduling'],screened - potentially relevant
12706180,Managing a mixed-registration-type appointment system in outpatient clinics.,Su S; Shih CL,2003,International journal of medical informatics,10.1016/s1386-5056(03)00008-x,['appointment scheduling'],screened - potentially relevant
12753108,Why do diabetic patients not attend appointments with their dietitian?,Spikmans FJ; Brug J; Doven MM; Kruizenga HM; Hofsteenge GH; van Bokhorst-van der Schueren MA,2003,Journal of human nutrition and dietetics : the official journal of the British Dietetic Association,10.1046/j.1365-277x.2003.00435.x,['no-show prediction'],screened - potentially relevant
14630762,Continuity of care: a multidisciplinary review.,Haggerty JL; Reid RJ; Freeman GK; Starfield BH; Adair CE; McKendry R,2003,BMJ (Clinical research ed.),10.1136/bmj.327.7425.1219,['continuity interoperability'],screened - potentially relevant
15331982,[What organisation to improve health care management of patients with partial refractory epilepsy?].,Baldy-Moulinier M; Gelisse P; Crespel A,2004,Revue neurologique,,['referral coordination'],screened - potentially relevant
1543380,"Consultation time, workload, and problems for audit in outpatient clinics.",Partridge JW,1992,Archives of disease in childhood,10.1136/adc.67.2.206,['appointment scheduling'],exclude - clinical topic/irrelevant mechanism
15950860,The enhanced postoperative care system.,Weissman C,2005,Journal of clinical anesthesia,10.1016/j.jclinane.2004.10.003,['patient flow implementation'],screened - potentially relevant
15998825,Measuring the quality of referral letters about patients with upper gastrointestinal symptoms.,Jiwa M; Coleman M; McKinley RK,2005,Postgraduate medical journal,10.1136/pgmj.2004.027516,['referral coordination'],exclude - clinical topic/irrelevant mechanism
16094178,Bouncing patients?,Nooner K,2005,Nursing,10.1097/00152193-200508001-00009,['patient flow queues'],screened - potentially relevant
16449184,Information technology and cancer prevention.,Jimbo M; Nease DE; Ruffin MT; Rana GK,2006,CA: a cancer journal for clinicians,10.3322/canjclin.56.1.26,['no-show prediction'],exclude - clinical topic/irrelevant mechanism
16953011,"Effect of open access scheduling on missed appointments, immunizations, and continuity of care for infant well-child care visits.",O'Connor ME; Matthews BS; Gao D,2006,Archives of pediatrics & adolescent medicine,10.1001/archpedi.160.9.889,['appointment scheduling'],screened - potentially relevant
17052380,Nonattendance of adult otolaryngology patients for scheduled appointments.,Cohen AD; Kaplan DM; Kraus M; Rubinshtein E; Vardy DA,2007,The Journal of laryngology and otology,10.1017/S0022215106003653,['dynamic scheduling'],screened - potentially relevant
17126689,Computerized provider order entry and patient safety.,Lehmann CU; Kim GR,2006,Pediatric clinics of North America,10.1016/j.pcl.2006.09.006,['cost navigation'],screened - potentially relevant
17194949,Preclinic appointment telephone contact: an effective intervention for colposcopy clinic nonattendance.,Oladipo A; Ogden S; Pugh S,2007,Journal of lower genital tract disease,10.1097/01.lgt.0000236970.35125.4b,['no-show prediction'],screened - potentially relevant
17207005,Developing bed managers: the why and the how.,Proudlove N; Boaden R; Jorgensen J,2007,Journal of nursing management,10.1111/j.1365-2934.2006.00632.x,['patient flow implementation'],exclude - clinical topic/irrelevant mechanism
17453321,Urology out-patient non-attenders: are we wasting our time?,Casey RG; Quinlan MR; Flynn R; Grainger R; McDermott TE; Thornhill JA,2007,Irish journal of medical science,10.1007/s11845-007-0028-8,['no-show prediction'],screened - potentially relevant
17985954,Patient navigation: a culturally competent strategy to address disparities in palliative care.,Fischer SM; Sauaia A; Kutner JS,2007,Journal of palliative medicine,10.1089/jpm.2007.0070,['patient navigation'],screened - potentially relevant
18345358,"Urinary incontinence-assessment in women: stress, urge or both?",McKertich K,2008,Australian family physician,,['referral coordination'],screened - potentially relevant
18422203,Encouraging attendance at outpatient appointments: can we do more?,Henderson R,2008,Scottish medical journal,10.1258/RSMSMJ.53.1.9,['no-show prediction'],exclude - clinical topic/irrelevant mechanism
19127230,Specialist healthcare law for nurses: an introduction.,Tingle J; McHale J,2009 Jan 8-21,British journal of nursing (Mark Allen Publishing),10.12968/bjon.2009.18.1.32088,['capacity demand forecasting'],screened - potentially relevant
19207591,Use of prolonged travel to improve pediatric risk-adjustment models.,Lorch SA; Silber JH; Even-Shoshan O; Millman A,2009,Health services research,10.1111/j.1475-6773.2008.00940.x,['healthcare access geography'],screened - background/unclear
19477577,Hospital site selection using fuzzy AHP and its derivatives.,Vahidnia MH; Alesheikh AA; Alimohammadi A,2009,Journal of environmental management,10.1016/j.jenvman.2009.04.010,['healthcare access geography'],screened - potentially relevant
19562961,Interoperability.,Hufnagel SP,2009,Military medicine,10.7205/milmed-d-03-9808,['continuity interoperability'],screened - potentially relevant
19585388,Diagnosis and management of patients with hand and wrist problems in general practice.,Spies-Dorgelo MN; van der Windt DA; Prins AP; Uitdehaag BM; van der Horst HE,2009,The European journal of general practice,10.1080/13814780903051874,['referral coordination'],exclude - clinical topic/irrelevant mechanism
19936441,Semantic interoperability in Czech healthcare environment supported by HL7 version 3.,Nagy M; Hanzlícek P; Precková P; Ríha A; Dioszegi M; Seidl L,2010,Methods of information in medicine,10.3414/ME09-02-0018,['continuity interoperability'],screened - potentially relevant
20432783,Attitudes of primary care team to diagnosing dementia.,Thomas H,2010,Nursing older people,10.7748/nop2010.04.22.3.23.c7632,['referral coordination'],screened - potentially relevant
20543307,The role of architecture and ontology for interoperability.,Blobel B; González C; Oemig F; Lopéz D; Nykänen P; Ruotsalainen P,2010,Studies in health technology and informatics,,['continuity interoperability'],screened - potentially relevant
20703697,Queueing for healthcare.,Palvannan RK; Teow KL,2012,Journal of medical systems,10.1007/s10916-010-9499-7,['capacity demand forecasting'],screened - potentially relevant
21286819,A probabilistic model for predicting the probability of no-show in hospital appointments.,Alaeddini A; Yang K; Reddy C; Yu S,2011,Health care management science,10.1007/s10729-011-9148-9,['dynamic scheduling'],exclude - clinical topic/irrelevant mechanism
21356420,"Stimulant abuse: pharmacology, cocaine, methamphetamine, treatment, attempts at pharmacotherapy.",Ciccarone D,2011,Primary care,10.1016/j.pop.2010.11.004,['referral coordination'],screened - potentially relevant
21418312,Dropping the baton: specialty referrals in the United States.,Mehrotra A; Forrest CB; Lin CY,2011,The Milbank quarterly,10.1111/j.1468-0009.2011.00619.x,['referral coordination'],screened - potentially relevant
21771339,A systematic review of triage-related interventions to improve patient flow in emergency departments.,Oredsson S; Jonsson H; Rognes J; Lind L; Göransson KE; Ehrenberg A,2011,"Scandinavian journal of trauma, resuscitation and emergency medicine",10.1108/17410400710717064,"['patient flow queues', 'patient flow implementation']",screened - potentially relevant
2179509,Primary care needs of children with hydrocephalus.,Jackson PL,1990,Journal of pediatric health care : official publication of National Association of Pediatric Nurse Associates & Practitioners,10.1016/0891-5245(90)90090-s,['referral coordination'],screened - potentially relevant
22475731,Methods to reduce outpatient non-attendance.,Stubbs ND; Geraci SA; Stephenson PL; Jones DB; Sanders S,2012,The American journal of the medical sciences,10.1097/MAJ.0b013e31824997c6,['no-show prediction'],screened - potentially relevant
22751758,Effect of clinical decision-support systems: a systematic review.,Bright TJ; Wong A; Dhurjati R; Bristow E; Bastian L; Coeytaux RR,2012,Annals of internal medicine,10.7326/0003-4819-157-1-201207030-00450,['cost navigation'],exclude - clinical topic/irrelevant mechanism
22797023,Visualising patient flow.,Jensen A; Boyle J; Khanna S,2012,Studies in health technology and informatics,,['patient flow queues'],screened - potentially relevant
22902245,Models for improving patient throughput and waiting at hospital emergency departments.,Paul JA; Lin L,2012,The Journal of emergency medicine,10.1016/j.jemermed.2012.01.063,['digital twin hospital'],exclude - clinical topic/irrelevant mechanism
2310704,Stress at work and mental health status among female hospital workers.,Estryn-Behar M; Kaminski M; Peigne E; Bonnet N; Vaichere E; Gozlan C,1990,British journal of industrial medicine,10.1136/oem.47.1.20,['healthcare access geography'],exclude - clinical topic/irrelevant mechanism
23122689,Smart wearable systems: current status and future challenges.,Chan M; Estève D; Fourniols JY; Escriba C; Campo E,2012,Artificial intelligence in medicine,10.1016/j.artmed.2012.09.003,['cost navigation'],screened - potentially relevant
2317066,Understanding non-attendance in outpatient paediatric clinics.,Andrews R; Morgan JD; Addy DP; McNeish AS,1990,Archives of disease in childhood,10.1136/adc.65.2.192,['no-show prediction'],exclude - clinical topic/irrelevant mechanism
23220376,Evaluating potential spatial access to trauma center care by severely injured patients.,Lawson FL; Schuurman N; Oliver L; Nathens AB,2013,Health & place,10.1016/j.healthplace.2012.10.011,['healthcare access geography'],screened - potentially relevant
23355477,Waiting times and socioeconomic status. Evidence from Norway.,Kaarboe O; Carlsen F,2014,Health economics,10.1002/hec.2904,['patient flow queues'],screened - potentially relevant
23651675,Patient navigation in cancer care. Introduction.,Haylock PJ; Cantril C,2013,Seminars in oncology nursing,10.1016/j.soncn.2013.02.001,['patient navigation'],screened - potentially relevant
23651677,Patient navigation in the oncology care setting.,Cantril C; Haylock PJ,2013,Seminars in oncology nursing,10.1016/j.soncn.2013.02.003,['patient navigation'],screened - potentially relevant
23658578,"Esophageal cancer awareness in Bomet district, Kenya.",Duron V; Bii J; Mutai R; Ngetich J; Harrington D; Parker R,2013,African health sciences,10.4314/ahs.v13i1.17,['healthcare access geography'],screened - potentially relevant
23735183,Allergy management in primary care across European countries -- actual status.,Agache I; Ryan D; Rodriguez MR; Yusuf O; Angier E; Jutel M,2013,Allergy,10.1111/all.12150,['referral coordination'],exclude - clinical topic/irrelevant mechanism
24036532,Interventions to increase initial appointment attendance in mental health services: a systematic review.,Schauman O; Aschan LE; Arias N; Beards S; Clement S,2013,"Psychiatric services (Washington, D.C.)",10.1176/appi.ps.201200540,['no-show prediction'],exclude - clinical topic/irrelevant mechanism
24043906,WIC in Your Neighborhood: New Evidence on the Impacts of Geographic Access to Clinics.,Rossin-Slater M,2013,Journal of public economics,10.1016/j.jpubeco.2013.03.009,['healthcare access geography'],exclude - clinical topic/irrelevant mechanism
24075292,Dispersal of antibiotic-resistant high-risk clones by hospital networks: changing the patient direction can make all the difference.,Donker T; Wallinga J; Grundmann H,2014,The Journal of hospital infection,10.1016/j.jhin.2013.06.021,['referral coordination'],screened - potentially relevant
24080434,Utilization management in microbiology.,Branda JA; Lewandrowski K,2014,Clinica chimica acta; international journal of clinical chemistry,10.1016/j.cca.2013.09.031,['cost navigation'],screened - potentially relevant
24276778,Patient navigation improves the care experience for patients with newly diagnosed cancer.,Hendren S; Fiscella K,2014,Journal of clinical oncology : official journal of the American Society of Clinical Oncology,10.1200/JCO.2013.53.2960,['patient navigation'],screened - potentially relevant
24401925,Ignaz Semmelweis redux?,Raemer DB,2014,Simulation in healthcare : journal of the Society for Simulation in Healthcare,10.1097/SIH.0000000000000016,['healthcare access geography'],screened - potentially relevant
24428301,Improving patient access to an interventional US clinic.,Steele JR; Clarke RK; Terrell JA; Brightmon TR,2014,"Radiographics : a review publication of the Radiological Society of North America, Inc",10.1148/rg.341135062,['patient flow implementation'],screened - potentially relevant
24933408,Approach-Avoidance Attitudes Associated with Initial Therapy Appointment Attendance: A Prospective Study.,Murphy E; Mansell W; Craven S; McEvoy P,2016,Behavioural and cognitive psychotherapy,10.1017/S135246581400023X,['no-show prediction'],screened - potentially relevant
25000001,Semantic interoperability in healthcare.,Arvanitis TN,2014,Studies in health technology and informatics,,['continuity interoperability'],screened - potentially relevant
25000030,A Framework for Privacy-preserving Classification of Next-generation PHR data.,Koufi V; Malamateniou F; Prentza A; Vassilacopoulos G,2014,Studies in health technology and informatics,,['federated learning hospitals'],exclude - clinical topic/irrelevant mechanism
2502248,Non-attendance or non-invitation? A case-control study of failed outpatient appointments.,Frankel S; Farrow A; West R,1989,BMJ (Clinical research ed.),10.1136/bmj.298.6684.1343,['no-show prediction'],exclude - clinical topic/irrelevant mechanism
25168070,Cost-effectiveness analysis of a colonoscopy screening navigator program designed for Hispanic men.,Wilson FA; Villarreal R; Stimpson JP; Pagán JA,2015,Journal of cancer education : the official journal of the American Association for Cancer Education,10.1007/s13187-014-0718-7,['cost navigation'],screened - potentially relevant
25516851,Relational coordination and healthcare management in lung cancer.,Romero JA; Señarís Jdel L; Heredero Cde P; Nuijten M,2014,World journal of clinical cases,10.12998/wjcc.v2.i12.757,['care pathway'],screened - potentially relevant
25736586,Two cases of asymptomatic massive fetomaternal hemorrhage.,Peedin AR; Mazepa MA; Park YA; Weimer ET; Schmitz JL; Raval JS,2015,Transfusion and apheresis science : official journal of the World Apheresis Association : official journal of the European Society for Haemapheresis,10.1016/j.transci.2015.01.004,['patient flow implementation'],exclude - clinical topic/irrelevant mechanism
25750793,Reference-dependent preferences for maternity wards: an exploration of two reference points.,Neuman E,2014,Health psychology and behavioral medicine,10.2307/2937956,['healthcare access geography'],screened - background/unclear
26123912,Health Information Technology Challenges to Support Patient-Centered Care Coordination.,Séroussi B; Jaulent MC; Lehmann CU,2015,Yearbook of medical informatics,10.15265/IY-2015-028,['care pathway'],screened - potentially relevant
26198304,SMART on FHIR Genomics: facilitating standardized clinico-genomic apps.,Alterovitz G; Warner J; Zhang P; Chen Y; Ullman-Cullere M; Kreda D,2015,Journal of the American Medical Informatics Association : JAMIA,10.1093/jamia/ocv045,['FHIR interoperability'],exclude - clinical topic/irrelevant mechanism
26262157,Harmonizing Nursing Terminologies.,Coenen A; Paese F; Saba V; Jansen K; Hardiker NR; Kim TY,2015,Studies in health technology and informatics,,['continuity interoperability'],screened - potentially relevant
26288889,Grid Patient Appointment Template Design to Improve Scheduling Effectiveness.,Huang YL; Marcak J,2015,Journal of healthcare engineering,10.1260/2040-2295.6.2.239,['appointment scheduling'],screened - potentially relevant
26288890,Scheduling Patients' Appointments: Allocation of Healthcare Service Using Simulation Optimization.,Chenl PS; Robielos RA; Palaña PK; Valencia PL; Chen GY,2015,Journal of healthcare engineering,10.1260/2040-2295.6.2.259,['appointment scheduling'],screened - potentially relevant
26380181,Computer modeling of lung cancer diagnosis-to-treatment process.,Ju F; Lee HK; Osarogiagbon RU; Yu X; Faris N; Li J,2015,Translational lung cancer research,10.3978/j.issn.2218-6751.2015.07.16,['digital twin hospital'],screened - potentially relevant
26438146,Effect of patient navigation on satisfaction with cancer-related care.,Wells KJ; Winters PC; Jean-Pierre P; Warren-Mears V; Post D; Van Duyn MA,2016,Supportive care in cancer : official journal of the Multinational Association of Supportive Care in Cancer,10.1007/s00520-015-2946-8,['patient navigation'],screened - potentially relevant
26578282,A mobile asset sharing policy for hospitals with real time locating systems.,Demircan-Yıldız EA; Fescioglu-Unver N,2016,Technology and health care : official journal of the European Society for Engineering and Medicine,10.3233/THC-151113,['digital twin hospital'],screened - potentially relevant
26671702,Preventing patient absenteeism: validation of a predictive overbooking model.,Reid MW; Cohen S; Wang H; Kaung A; Patel A; Tashjian V,2015,The American journal of managed care,,['dynamic scheduling'],exclude - clinical topic/irrelevant mechanism
26858934,Cancer Care Delivery and Women's Health: The Role of Patient Navigation.,Krok-Schoen JL; Oliveri JM; Paskett ED,2016,Frontiers in oncology,10.1002/cncr.23941,['patient navigation'],screened - potentially relevant
26911829,"SMART on FHIR: a standards-based, interoperable apps platform for electronic health records.",Mandel JC; Kreda DA; Mandl KD; Kohane IS; Ramoni RB,2016,Journal of the American Medical Informatics Association : JAMIA,10.1093/jamia/ocv189,['FHIR interoperability'],screened - potentially relevant
26948225,Improving patient flow: role of the orthopaedic discharge sister.,Tytler B,2016,Emergency nurse : the journal of the RCN Accident and Emergency Nursing Association,10.7748/en.23.10.20.s22,['patient flow queues'],screened - potentially relevant
27095418,Clinical algorithms to aid osteoarthritis guideline dissemination.,Meneses SR; Goode AP; Nelson AE; Lin J; Jordan JM; Allen KD,2016,Osteoarthritis and cartilage,10.1016/j.joca.2016.04.004,['patient flow implementation'],screened - potentially relevant
27102663,Pitfalls and Pearls of Wisdom in 18F-FDG PET Imaging of Tumors.,Britton T; Robinson N,2016,Journal of nuclear medicine technology,10.2967/jnmt.115.170803,['no-show prediction'],screened - potentially relevant
27260321,MACVIA clinical decision algorithm in adolescents and adults with allergic rhinitis.,Bousquet J; Schünemann HJ; Hellings PW; Arnavielhe S; Bachert C; Bedbrook A,2016,The Journal of allergy and clinical immunology,10.1016/j.jaci.2016.03.025,['cost navigation'],screened - potentially relevant
27377518,Preventing Endoscopy Clinic No-Shows: Prospective Validation of a Predictive Overbooking Model.,Reid MW; May FP; Martinez B; Cohen S; Wang H; Williams DL,2016,The American journal of gastroenterology,10.1038/ajg.2016.269,"['appointment scheduling', 'dynamic scheduling']",exclude - clinical topic/irrelevant mechanism
27392830,Integrated Nationwide Electronic Health Records system: Semi-distributed architecture approach.,Fragidis LL; Chatzoglou PD; Aggelidis VP,2016,Technology and health care : official journal of the European Society for Engineering and Medicine,10.3233/THC-161231,['continuity interoperability'],exclude - clinical topic/irrelevant mechanism
27502955,Scheduling rules to achieve lead-time targets in outpatient appointment systems.,Nguyen TT; Sivakumar AI; Graves SC,2017,Health care management science,10.1007/s10729-016-9374-2,['appointment scheduling'],screened - potentially relevant
27580777,Overbooking in Endoscopy: Ensure No-One is Left Behind!,Harewood GC,2016,The American journal of gastroenterology,10.1038/ajg.2016.299,['dynamic scheduling'],screened - potentially relevant
27594792,Patient Navigators: Agents of Creating Community-Nested Patient-Centered Medical Homes for Cancer Care.,Simon MA; Samaras AT; Nonzee NJ; Hajjar N; Frankovich C; Bularzik C,2016,Clinical medicine insights. Women's health,10.4137/CMWH.S39136,['cost navigation'],screened - potentially relevant
27752619,Improving emergency department patient flow.,Jarvis PR,2016,Clinical and experimental emergency medicine,10.1136/emermed-2014-204388,['patient flow queues'],screened - potentially relevant
27757471,Appointment Lead Time Policy Development to Improve Patient Access to Care.,Huang YL; Bach SM,2016,Applied clinical informatics,10.4338/ACI-2016-03-RA-0044,['appointment scheduling'],screened - potentially relevant
27843036,Acute medical units: The way to go? A literature review.,van Galen LS; Lammers EM; Schoonmade LJ; Alam N; Kramer MH; Nanayakkara PW,2017,European journal of internal medicine,10.1016/j.ejim.2016.11.001,['patient flow implementation'],exclude - clinical topic/irrelevant mechanism
27996314,The Problem of Missed Mental Healthcare Appointments.,Miller MJ; Ambrose DM,2019,Clinical schizophrenia & related psychoses,,"['appointment scheduling', 'no-show prediction']",screened - potentially relevant
28186029,The Cost of Quality in Diabetes.,Ghany A; Keshavjee K,2017,Studies in health technology and informatics,,['cost navigation'],screened - potentially relevant
28212907,Improving Preoperative Throughput.,Franklin J; Franklin T,2017,Journal of perianesthesia nursing : official journal of the American Society of PeriAnesthesia Nurses,10.1016/j.jopan.2015.03.012,['patient flow implementation'],screened - potentially relevant
28402208,A dynamic approach for outpatient scheduling.,Creps J; Lotfi V,2017,Journal of medical economics,10.1080/13696998.2017.1318755,"['appointment scheduling', 'dynamic scheduling']",exclude - clinical topic/irrelevant mechanism
28423833,HL7 FHIR: Ontological Reinterpretation of Medication Resources.,Martinez-Costa C; Schulz S,2017,Studies in health technology and informatics,,['continuity interoperability'],screened - potentially relevant
28446422,Web-Based Medical Appointment Systems: A Systematic Review.,Zhao P; Yoo I; Lavoie J; Lavoie BJ; Simoes E,2017,Journal of medical Internet research,10.2196/medinform.3669,"['appointment scheduling', 'no-show prediction']",screened - potentially relevant
28447421,Clinical decision support for hematology laboratory test utilization.,Jackups R; Szymanski JJ; Persaud SP,2017,International journal of laboratory hematology,10.1111/ijlh.12679,['cost navigation'],screened - potentially relevant
28508958,Modeling the critical care pathway for cardiothoracic surgery.,Bahou N; Fenwick C; Anderson G; van der Meer R; Vassalos T,2018,Health care management science,10.1007/s10729-017-9401-y,['digital twin hospital'],exclude - clinical topic/irrelevant mechanism
28697294,"Clinical assessment, diagnosis and management of nasal obstruction.",Esmaili A; Acharya A,2017,Australian family physician,,['referral coordination'],exclude - clinical topic/irrelevant mechanism
28844825,Patient navigation across the spectrum of women's health care in the United States.,McKenney KM; Martinez NG; Yee LM,2018,American journal of obstetrics and gynecology,10.1016/j.ajog.2017.08.009,['patient navigation'],screened - potentially relevant
28872765,Digital health technology and diabetes management.,Cahn A; Akirov A; Raz I,2018,Journal of diabetes,10.1111/1753-0407.12606,['cost navigation'],exclude - clinical topic/irrelevant mechanism
28874496,"Access To Obstetric Services In Rural Counties Still Declining, With 9 Percent Losing Services, 2004-14.",Hung P; Henning-Smith CE; Casey MM; Kozhimannil KB,2017,Health affairs (Project Hope),10.1377/hlthaff.2017.0338,['healthcare access geography'],screened - potentially relevant
29101917,Troponin testing in the primary care setting.,Mauro MS; Nelson AJ; Stokes MB,2017,Australian family physician,,['referral coordination'],exclude - clinical topic/irrelevant mechanism
29199800,Straightforward emergency care.,Lukkarinen T; Janhunen H; Harjola VP,2016,Duodecim; laaketieteellinen aikakauskirja,,['patient flow queues'],screened - potentially relevant
29455441,A proactive transfer policy for critical patient flow management.,González J; Ferrer JC; Cataldo A; Rojas L,2019,Health care management science,10.1007/s10729-018-9437-7,['patient flow queues'],screened - potentially relevant
29464227,Childhood constipation.,Waterham M; Kaufman J; Gibb S,2017,Australian family physician,,['referral coordination'],exclude - clinical topic/irrelevant mechanism
29482948,No-shows in appointment scheduling - a systematic literature review.,Dantas LF; Fleck JL; Cyrino Oliveira FL; Hamacher S,2018,"Health policy (Amsterdam, Netherlands)",10.1016/j.healthpol.2018.02.002,['no-show prediction'],screened - potentially relevant
29497815,Effects of patient navigation on satisfaction with cancer care: a systematic review and meta-analysis.,Wells KJ; Campbell K; Kumar A; Clark T; Jean-Pierre P,2018,Supportive care in cancer : official journal of the Multinational Association of Supportive Care in Cancer,10.1016/S0738-3991(03)00210-6,['patient navigation'],screened - potentially relevant
29544481,Using overbooking to manage no-shows in an Italian healthcare center.,Parente CA; Salvatore D; Gallo GM; Cipollini F,2018,BMC health services research,10.1016/j.jvir.2008.09.027,['dynamic scheduling'],screened - potentially relevant
29661692,Hospital ambulatory medicine: A leading strategy for Internal Medicine in Europe.,Corbella X; Barreto V; Bassetti S; Bivol M; Castellino P; de Kruijf EJ,2018,European journal of internal medicine,10.1016/j.ejim.2018.04.010,['patient flow queues'],screened - potentially relevant
29686869,A review of the Australian healthcare system: A policy perspective.,Dixit SK; Sambasivan M,2018,SAGE open medicine,10.1377/hblog20171214.835155/full/,['capacity demand forecasting'],screened - potentially relevant
29748852,DICOMweb™: Background and Application of the Web Standard for Medical Imaging.,Genereaux BW; Dennison DK; Ho K; Horn R; Silver EL; O'Donnell K,2018,Journal of digital imaging,10.1007/s10278-016-9882-0,['continuity interoperability'],screened - potentially relevant
29766464,Women's Preferences for Birthing Hospital in Denmark: A Discrete Choice Experiment.,Tayyari Dehbarez N; Raun Mørkbak M; Gyrd-Hansen D; Uldbjerg N; Søgaard R,2018,The patient,10.1007/s40271-018-0313-9,['healthcare access geography'],exclude - clinical topic/irrelevant mechanism
29888095,i2b2 implemented over SMART-on-FHIR.,Paris N; Mendis M; Daniel C; Murphy S; Tannier X; Zweigenbaum P,2018,AMIA Joint Summits on Translational Science proceedings. AMIA Joint Summits on Translational Science,,['FHIR interoperability'],screened - potentially relevant
29891443,Saving without compromising: Teaching trainees to safely provide high value care.,Judson TJ; Press MJ; Detsky AS,2019,"Healthcare (Amsterdam, Netherlands)",10.1016/j.hjdsi.2018.05.003,['cost navigation'],screened - potentially relevant
29904805,"Economic evaluation of patient navigation programs in colorectal cancer care, a systematic review.",Gervès-Pinquié C; Girault A; Phillips S; Raskin S; Pratt-Chapman M,2018,Health economics review,10.7326/0003-4819-142-12_Part_2-200506211-00007,['patient navigation'],exclude - clinical topic/irrelevant mechanism
29993991,Intelligent Mortality Reporting With FHIR.,Hoffman RA; Wu H; Venugopalan J; Braun P; Wang MD,2018,IEEE journal of biomedical and health informatics,10.1109/JBHI.2017.2780891,['FHIR interoperability'],screened - potentially relevant
30019802,Injury-based Geographic Access to Trauma Centers.,Wei R; Clay Mann N; Dai M; Hsia RY,2019,Academic emergency medicine : official journal of the Society for Academic Emergency Medicine,10.1111/acem.13518,['healthcare access geography'],screened - potentially relevant
30037448,The Cancer Emergency Department-The Ohio State University James Cancer Center Experience.,Delatore LR,2018,Emergency medicine clinics of North America,10.1016/j.emc.2018.04.012,['patient flow queues'],screened - potentially relevant
30069284,Blockchain Technology for Healthcare: Facilitating the Transition to Patient-Driven Interoperability.,Gordon WJ; Catalini C,2018,Computational and structural biotechnology journal,10.1377/hlthaff.w5.10,['continuity interoperability'],screened - potentially relevant
30198948,A Systematic Review of Criteria-Led Patient Discharge.,Lees-Deutsch L; Robinson J,2019,Journal of nursing care quality,10.1097/NCQ.0000000000000356,['patient flow implementation'],screened - potentially relevant
30209668,Predicting Patient No-show Behavior: a Study in a Bariatric Clinic.,Dantas LF; Hamacher S; Cyrino Oliveira FL; Barbosa SDJ; Viegas F,2019,Obesity surgery,10.1007/s11695-018-3480-9,['dynamic scheduling'],screened - potentially relevant
30217236,MAGIC: once upon a time in consent management-a FHIR® tale.,Bialke M; Bahls T; Geidel L; Rau H; Blumentritt A; Pasewald S,2018,Journal of translational medicine,10.3414/me18-02-0002,['FHIR interoperability'],exclude - clinical topic/irrelevant mechanism
30382021,Non-attendance in a secondary paediatric referral centre.,Wolthers OD,2018,Danish medical journal,,['no-show prediction'],screened - potentially relevant
30418790,Ebola: Impact of hospital's admission policy in an overwhelmed scenario.,Zahid MH; Kribs CM,2018,Mathematical biosciences and engineering : MBE,10.3934/mbe.2018063,['capacity demand forecasting'],screened - potentially relevant
30496200,Privacy-preserving aggregation of personal health data streams.,Kim JW; Jang B; Yoo H,2018,PloS one,10.1109/TKDE.2010.247,['federated learning hospitals'],screened - background/unclear
30637119,A patient flow simulator for healthcare management education.,Bean DM; Taylor P; Dobson RJB,2019,BMJ simulation & technology enhanced learning,10.7556/jaoa.2016.003,['patient flow queues'],screened - potentially relevant
30667605,The health information technology special issue: new real-world evidence and practical lessons.,Reed ME,2019,The American journal of managed care,,['continuity interoperability'],screened - potentially relevant
30730766,Decision Support Systems in Oncology.,Walsh S; de Jong EEC; van Timmeren JE; Ibrahim A; Compter I; Peerlings J,2019,JCO clinical cancer informatics,10.1038/nature21056,['cost navigation'],exclude - clinical topic/irrelevant mechanism
30765080,[Adapting the care pathway].,Daubisse-Marliac L; Balardy L; Le Goualher L; Bourgade G; Perrier C; Guimbaud R,2019,Soins. Gerontologie,10.1016/j.sger.2018.11.004,['care pathway'],screened - potentially relevant
30815111,Goal-driven management of interacting clinical guidelines for multimorbidity patients.,Kogan A; Tu SW; Peleg M,2018,AMIA ... Annual Symposium proceedings. AMIA Symposium,,['FHIR interoperability'],exclude - clinical topic/irrelevant mechanism
30859883,Tactical capacity planning in hospital departments.,Larsson A; Fredriksson A,2019,International journal of health care quality assurance,10.1108/IJHCQA-11-2017-0218,['capacity demand forecasting'],screened - potentially relevant
30947608,Medicaid Patients Have Greater Difficulty Scheduling Health Care Appointments Compared With Private Insurance Patients: A Meta-Analysis.,Hsiang WR; Lukasiewicz A; Gentry M; Kim CY; Leslie MP; Pelker R,2019,"Inquiry : a journal of medical care organization, provision and financing",10.1177/0046958019838118,['appointment scheduling'],screened - potentially relevant
31017052,Implementing Lean Six Sigma in a Kuwaiti private hospital.,Al-Zain Y; Al-Fandi L; Arafeh M; Salim S; Al-Quraini S; Al-Yaseen A,2019,International journal of health care quality assurance,10.1108/IJHCQA-04-2018-0099,['dynamic scheduling'],screened - potentially relevant
31017055,Intervention analysis and classification: key to health outcomes optimization.,Nkwocha O,2019,International journal of health care quality assurance,10.1108/IJHCQA-03-2018-0066,['dynamic scheduling'],exclude - clinical topic/irrelevant mechanism
31179717,Time to end the drought in the bush.,Coleman M; Playford D,2019,Australasian psychiatry : bulletin of Royal Australian and New Zealand College of Psychiatrists,10.1177/1039856219852296,['healthcare access geography'],screened - potentially relevant
31213735,Semantic Web Technologies for Sharing Clinical Information in Health Care Systems.,Karami M; Rahimi A,2019,Acta informatica medica : AIM : journal of the Society for Medical Informatics of Bosnia & Herzegovina : casopis Drustva za medicinsku informatiku BiH,10.5455/aim.2019.27.4-7,['continuity interoperability'],screened - potentially relevant
31214340,Forecasting the demand for radiology services.,Côté MJ; Smith MA,2018,"Health systems (Basingstoke, England)",10.1007/s00247-011-2101-8,['capacity demand forecasting'],screened - potentially relevant
31214345,Static and dynamic appointment scheduling to improve patient access time.,Laan C; van de Vrugt M; Olsman J; Boucherie RJ,2018,"Health systems (Basingstoke, England)",10.1080/20476965.2017.1403675,['digital twin hospital'],screened - potentially relevant
31304302,Scalable and accurate deep learning with electronic health records.,Rajkomar A; Oren E; Chen K; Dai AM; Hajaj N; Hardt M,2018,NPJ digital medicine,10.1186/s13054-015-0999-1,['FHIR interoperability'],screened - potentially relevant
31437877,Health4Afrika - Implementing HL7 FHIR Based Interoperability.,Baskaya M; Yuksel M; Erturkmen GBL; Cunningham M; Cunningham P,2019,Studies in health technology and informatics,10.3233/SHTI190175,['FHIR interoperability'],screened - potentially relevant
31448466,"Causes of appointment attendance, nonattendance, and cancellation in outpatient consultations at a university hospital.",Briatore A; Tarsetti EV; Latorre A; Gonzalez Bernaldo de Quirós F; Luna D; Fuentes NA,2020,The International journal of health planning and management,10.1002/hpm.2890,['appointment scheduling'],exclude - clinical topic/irrelevant mechanism
31506895,Regional oncology network between pancreatic centers safeguards waiting times for pancreatoduodenectomy.,Steen MW; van Vliet C; Festen S; Besselink MG; Gerhards MF; Busch OR,2019,Updates in surgery,10.1007/s11605-009-1051-z,['patient flow queues'],exclude - clinical topic/irrelevant mechanism
31620605,Implementation of a care coordination system for chronic diseases.,Lee JJ; Bae SG,2019,Yeungnam University journal of medicine,10.12701/yujm.2019.00073,['referral coordination'],screened - potentially relevant
31779837,Pediatric Musculoskeletal Infections.,Dolitsky R; DePaola K; Fernicola J; Collins C,2020,Pediatric clinics of North America,10.1016/j.pcl.2019.09.001,['referral coordination'],screened - potentially relevant
31789945,Online interventions for sexual health in cancer.,Matthew AG; Yang ZG,2020,Current opinion in supportive and palliative care,10.1097/SPC.0000000000000477,['care pathway'],screened - potentially relevant
31795886,Patient Flow Within Hospitals: A Conceptual Model.,Leviner S; Debbie T,2020,Nursing science quarterly,10.1177/0894318419881981,['patient flow queues'],screened - potentially relevant
31797467,Doctors' response to queues: Evidence from a Portuguese emergency department.,Martins B; Filipe L,2020,Health economics,10.1002/hec.3957,['patient flow queues'],exclude - clinical topic/irrelevant mechanism
31828382,[Cross-enterprise interoperability : Challenges and principles for technical implementation].,Bauer J; Rohner-Rojas S; Holderried M,2020,Der Radiologe,10.1007/s00117-019-00626-9,['continuity interoperability'],screened - potentially relevant
31860113,Modeling a Clinical Pathway for Contraception.,Sooter LJ; Hasley S; Lario R; Rubin KS; Hasić F,2019,Applied clinical informatics,10.1055/s-0039-3400749,['care pathway'],screened - potentially relevant
31864513,[Not Available].,Pelletier S,2019,Soins; la revue de reference infirmiere,10.1016/j.soin.2019.10.008,['care pathway'],screened - potentially relevant
31932966,Emergency department overcrowding : Analysis and strategies to manage an international phenomenon.,Lindner G; Woitok BK,2021,Wiener klinische Wochenschrift,10.5505/1304.7361.2014.20438,['patient flow queues'],screened - background/unclear
31968127,Non-attendance at diabetes outpatient appointments: a systematic review.,Brewster S; Bartholomew J; Holt RIG; Price H,2020,Diabetic medicine : a journal of the British Diabetic Association,10.1111/dme.14241,['no-show prediction'],screened - potentially relevant
31977944,Does Organizational Compassion Matter? A Cross-sectional Survey of Nurses.,Lown BA; Manning CF; Hassmiller SB,2020,The Journal of nursing administration,10.3310/hsdr06370,['capacity demand forecasting'],screened - potentially relevant
32046052,Agile Six Sigma in Healthcare: Case Study at Santobono Pediatric Hospital.,Improta G; Guizzi G; Ricciardi C; Giordano V; Ponsiglione AM; Converso G,2020,International journal of environmental research and public health,10.1186/s13584-019-0333-5,['dynamic scheduling'],screened - potentially relevant
32100019,Accessing surgical care for esophageal cancer: patient travel patterns to reach higher volume center.,Diaz A; Burns S; D'Souza D; Kneuertz P; Merritt R; Perry K,2020,Diseases of the esophagus : official journal of the International Society for Diseases of the Esophagus,10.1093/dote/doaa006,['healthcare access geography'],screened - potentially relevant
32113796,Enhancing Patients' Wayfinding and Visitation Experience Improves Quality of Care.,Lee E; Daugherty J; Selga J; Schmidt U,2020,Journal of perianesthesia nursing : official journal of the American Society of PeriAnesthesia Nurses,10.1016/j.jopan.2019.11.003,['healthcare access geography'],screened - potentially relevant
32118613,Improvement in Outpatient Follow-up With a Postdischarge Phone Call Intervention.,Hendrickson SB; Simske NM; DaSilva KA; Vallier HA,2020,The Journal of the American Academy of Orthopaedic Surgeons,10.5435/JAAOS-D-19-00132,['appointment scheduling'],screened - potentially relevant
32123623,Healthcare Access as a Risk-Marker for Obstetric Vesicovaginal Fistula in Malawi.,Rupley DM; Dongarwar D; Salihu HM; Janda AM; Pope R,2020,International journal of MCH and AIDS,10.21106/ijma.292,['healthcare access geography'],screened - potentially relevant
32210516,Advanced Interoperability Techniques: Structure Mapping Service in CrowdHEALTH Project.,Lete SA; Cavero C; Magdalinou A; Mantas J; Montandon L,2020,Acta informatica medica : AIM : journal of the Society for Medical Informatics of Bosnia & Herzegovina : casopis Drustva za medicinsku informatiku BiH,10.5455/aim.2019.27.333-340,['continuity interoperability'],screened - potentially relevant
32279607,Distributed situation awareness: a health-system approach to assessing and designing patient flow management.,Alhaider AA; Lau N; Davenport PB; Morris MK,2020,Ergonomics,10.1080/00140139.2020.1755061,['digital twin hospital'],screened - potentially relevant
32279833,Obstetric and fetal triage.,Ruhl C; Garpiel SJ; Priddy P; Bozeman LL,2020,Seminars in perinatology,10.1016/j.semperi.2020.151240,['patient flow implementation'],screened - potentially relevant
32292676,Factors Associated with Missed and Cancelled Appointments in the Endoscopy Unit: Descriptive Study.,Alnasser R; Alkhowaiter S; Alhusaini S; Aljarallah B,2020,Cureus,10.7759/cureus.7264,['dynamic scheduling'],exclude - clinical topic/irrelevant mechanism
32336283,Nudging New York: adaptive models and the limits of behavioral interventions to reduce no-shows and health inequalities.,Ruggeri K; Folke T; Benzerga A; Verra S; Büttner C; Steinbeck V,2020,BMC health services research,10.2196/jmir.3442,['dynamic scheduling'],exclude - clinical topic/irrelevant mechanism
32351048,Personnel time required for supported employment and education services for individuals in a recent-onset psychosis treatment program.,Humensky JL; Turner LR; Dixon LB; Drake RE; Becker DR; Subotnik KL,2021,Early intervention in psychiatry,10.1016/j.dhjo.2018.02.004,['healthcare access geography'],screened - potentially relevant
32407825,Maximizing efficiency in a high occupancy setting to utilize ultraviolet disinfection for isolation rooms.,Schaffzin JK; Wilhite AW; Li Z; Finney D; Ankrum AL; Moore R,2020,American journal of infection control,10.1016/j.ajic.2020.05.004,['patient flow implementation'],exclude - clinical topic/irrelevant mechanism
32433147,The Discharge Lounge: A Patient Flow Process Solution.,Woods R; Sandoval R; Vermillion G; Bates-Jackson B; Nwankwo A; Canamar CP,2020,Journal of nursing care quality,10.1097/NCQ.0000000000000469,['patient flow queues'],screened - potentially relevant
32463068,Rationale for Early Diagnosis of Mild Cognitive Impairment (MCI) Supported by Emerging Digital Technologies.,Sabbagh MN; Boada M; Borson S; Chilukuri M; Doraiswamy PM; Dubois B,2020,The journal of prevention of Alzheimer's disease,10.14283/jpad.2020.19,['care pathway'],exclude - clinical topic/irrelevant mechanism
32501412,Private hospital expansion in China: a global perspective.,Deng C; Li X; Pan J,2018,"Global health journal (Amsterdam, Netherlands)",10.1016/S2414-6447(19)30138-1,['capacity demand forecasting'],screened - potentially relevant
32527508,Appointment wait-times and arrival for patients at a low-barrier access addiction clinic.,Roy PJ; Choi S; Bernstein E; Walley AY,2020,Journal of substance abuse treatment,10.1016/j.jsat.2020.108011,['no-show prediction'],screened - potentially relevant
32578550,FHIR Analytics - Pragmatic Review of Recent Studies.,Huber L; Honeder T; Hackl WO,2020,Studies in health technology and informatics,10.3233/SHTI200083,['FHIR interoperability'],screened - potentially relevant
32581613,Evaluating the Impact of Patient No-Shows on Service Quality.,Marbouh D; Khaleel I; Al Shanqiti K; Al Tamimi M; Simsekler MCE; Ellahham S,2020,Risk management and healthcare policy,10.1177/1062860619878515,['dynamic scheduling'],exclude - clinical topic/irrelevant mechanism
32616283,Design of the Academic Emergency Department.,Marshall KD; Imhoff B; Zilm F,2020,Emergency medicine clinics of North America,10.1016/j.emc.2020.04.003,['patient flow queues'],screened - potentially relevant
32664355,Increasing Competitiveness through the Implementation of Lean Management in Healthcare.,Prado-Prado JC; García-Arca J; Fernández-González AJ; Mosteiro-Añón M,2020,International journal of environmental research and public health,10.1108/17410400910938878,['patient flow implementation'],screened - potentially relevant
32682318,A Simulation-Optimisation approach for hospital beds allocation.,E Oliveira BRP; de Vasconcelos JA; Almeida JFF; Pinto LR,2020,International journal of medical informatics,10.1016/j.ijmedinf.2020.104174,['digital twin hospital'],screened - potentially relevant
32718239,Assessing the Practice Characteristics of Otolaryngology Same-Day Appointments in an Academic Center.,Geelan-Hansen K; Were V; Granger K; Jones D,2021,Otolaryngology--head and neck surgery : official journal of American Academy of Otolaryngology-Head and Neck Surgery,10.1177/0194599820942497,['appointment scheduling'],screened - potentially relevant
32814201,A corpus-driven standardization framework for encoding clinical problems with HL7 FHIR.,Peterson KJ; Jiang G; Liu H,2020,Journal of biomedical informatics,10.1016/j.jbi.2020.103541,['FHIR interoperability'],screened - potentially relevant
32970569,Triage in the Time of Diphtheria.,Habib H; Kurniawaty H,2020,The western journal of emergency medicine,10.5811/westjem.2020.6.46094,['patient flow implementation'],screened - potentially relevant
32997955,No observed reduction of non-attendance rate in telehealth models of care.,Greenup EP; Best D; Page M; Potts B,2020,Australian health review : a publication of the Australian Hospital Association,10.1071/AH19127,['no-show prediction'],screened - potentially relevant
33015372,The future of digital health with federated learning.,Rieke N; Hancox J; Li W; Milletarì F; Roth HR; Albarqouni S,2020,NPJ digital medicine,10.1148/radiol.2019190613,['federated learning hospitals'],screened - potentially relevant
33021716,Back to the Hospital for Chronic Care: a Hybrid Generalist Model.,Sumner J; Lim YW,2021,Journal of general internal medicine,10.1093/fampra/cmy007,['capacity demand forecasting'],exclude - clinical topic/irrelevant mechanism
33043310,Digital health in electrophysiology and the COVID-19 global pandemic.,Slotwiner DJ; Al-Khatib SM,2020,Heart rhythm O2,10.1016/j.hroo.2020.09.003,['care pathway'],exclude - clinical topic/irrelevant mechanism
33123776,Managing patient flows in radiation oncology during the COVID-19 pandemic : Reworking existing treatment designs to prevent infections at a German hot spot area University Hospital.,Akuamoa-Boateng D; Wegen S; Ferdinandus J; Marksteder R; Baues C; Marnitz S,2020,Strahlentherapie und Onkologie : Organ der Deutschen Rontgengesellschaft ... [et al],10.1177/2150131913498513?url_ver=Z39.88-2003&rfr_id=ori%3Arid%3Acrossref.org&rfr_dat=cr_pub++0pubmed,['dynamic scheduling'],exclude - clinical topic/irrelevant mechanism
33124476,The Evolving Hospital Market in China After the 2009 Healthcare Reform.,Jiang Q; Pan J,2020,"Inquiry : a journal of medical care organization, provision and financing",10.1177/0046958020968783,['capacity demand forecasting'],exclude - clinical topic/irrelevant mechanism
33147565,The challenges of estimating the human global burden of disease of antimicrobial resistant bacteria.,Dunachie SJ; Day NP; Dolecek C,2020,Current opinion in microbiology,10.1016/j.mib.2020.09.013,['capacity demand forecasting'],screened - potentially relevant
33204939,Federated Learning for Healthcare Informatics.,Xu J; Glicksberg BS; Su C; Walker P; Bian J; Wang F,2021,Journal of healthcare informatics research,10.1145/3298981,['federated learning hospitals'],exclude - clinical topic/irrelevant mechanism
33220575,Veno-venous extracorporeal membrane oxygenation allocation in the COVID-19 pandemic.,Murugappan KR; Walsh DP; Mittel A; Sontag D; Shaefi S,2021,Journal of critical care,10.1016/j.chest.2017.08.001,['capacity demand forecasting'],screened - potentially relevant
33232897,Patient navigation in epilepsy care.,Anand SK; Macki M; Culver LG; Wasade VS; Hendren S; Schwalb JM,2020,Epilepsy & behavior : E&B,10.1016/j.yebeh.2020.107530,['patient navigation'],screened - potentially relevant
33264165,A Geodemographic Service Coverage Analysis of Travel Time to Glaucoma Specialists in Florida.,Rothman AL; Stoler JB; Vu DM; Chang TC,2020,Journal of glaucoma,10.1097/IJG.0000000000001609,['healthcare access geography'],screened - potentially relevant
33306034,The 21st Century Cures Act: A Competitive Apps Market and the Risk of Innovation Blocking.,Gordon WJ; Mandl KD,2020,Journal of medical Internet research,10.1377/hblog20200701.58142/full/,['FHIR interoperability'],screened - potentially relevant
33389474,Determinants of Clinic Absenteeism in Gynecologic Oncology Clinic at a Safety Net Hospital.,Saleh M; Caron J; Hernandez S; Boyd L,2021,Journal of community health,10.1177/1049909119846843,['appointment scheduling'],screened - potentially relevant
33400050,Managing access to primary care clinics using scheduling templates.,Faridimehr S; Venkatachalam S; Chinnam RB,2021,Health care management science,10.1007/s10479-009-0569-5,['dynamic scheduling'],screened - potentially relevant
33442676,Federated Learning used for predicting outcomes in SARS-COV-2 patients.,Flores M; Dayan I; Roth H; Zhong A; Harouni A; Gentili A,2021,Research square,10.1007/978-3-030-32692-0_16,['federated learning hospitals'],exclude - clinical topic/irrelevant mechanism
33604707,Digital Twins: A General Overview of the Biopharma Industry.,Canzoneri M; De Luca A; Harttung J,2021,Advances in biochemical engineering/biotechnology,10.1109/SBESC.2018.00030,['digital twin hospital'],exclude - clinical topic/irrelevant mechanism
33614421,"Surgical and Trauma Capacity Assessment in Rural Haryana, India.",Bhatia MB; Mohan SC; Blair KJ; Boeck MA; Bhalla A; Sharma S,2021,Annals of global health,10.4103/0974-2700.173870,['capacity demand forecasting'],screened - potentially relevant
33622613,Balancing Workload in the PACU by Using an Integrated OR Planning Methodology.,Debats CEJM; Dellaert NP; Pouwels S; Stepaniak PS,2021,Journal of perianesthesia nursing : official journal of the American Society of PeriAnesthesia Nurses,10.1016/j.jopan.2020.09.004,['digital twin hospital'],screened - potentially relevant
33639117,Computerized Decision Support Systems for Nursing Homes: A Scoping Review.,Abdellatif A; Bouaud J; Lafuente-Lafuente C; Belmin J; Séroussi B,2021,Journal of the American Medical Directors Association,10.1016/j.jamda.2021.01.080,['cost navigation'],screened - potentially relevant
33653303,"Evaluation of intensified provider initiated testing and counselling program in Harare City, 2017-2018.",Mandere E; Mungati M; Gonese G; Gombe N; Juru T; Chiwanda S,2021,BMC public health,10.1186/1748-5908-8-97,['patient flow implementation'],screened - potentially relevant
33720747,OSIRIS: A Minimum Data Set for Data Sharing and Interoperability in Oncology.,Guérin J; Laizet Y; Le Texier V; Chanas L; Rance B; Koeppel F,2021,JCO clinical cancer informatics,10.1200/CCI.20.00094,['FHIR interoperability'],screened - potentially relevant
33729555,Dermatological services; patient profiling in a rural tertiary hospital.,Thomas L; Felmingham C; Tilakaratne D,2021,The Australasian journal of dermatology,10.1111/ajd.13548,['no-show prediction'],screened - potentially relevant
33733021,Care cascade for patients with opioid use disorder and serious injection related infections.,Upadhyaya A; Marks LR; Schwarz ES; Liang SY; Durkin MJ; Liss DB,2021,Toxicology communications,10.1001/jamanetworkopen.2019.20622,['referral coordination'],exclude - clinical topic/irrelevant mechanism
33824430,Cost-effectiveness analysis of genotyping for HLA-B*15:02 in Indonesian patients with epilepsy using a generic model.,Yuliwulandari R; Shin JG; Kristin E; Suyatna FD; Prahasto ID; Prayuni K,2021,The pharmacogenomics journal,10.1038/s41397-019-0143-8,['cost navigation'],exclude - clinical topic/irrelevant mechanism
33894934,Optimal Timing of Surgery for Patients with Active Infective Endocarditis.,Kitai T; Masumoto A; Okada T; Koyama T; Furukawa Y,2021,Cardiology clinics,10.1016/j.ccl.2021.01.002,['patient flow implementation'],screened - potentially relevant
33985495,Interoperability frameworks linking mHealth applications to electronic record systems.,Ndlovu K; Mars M; Scott RE,2021,BMC health services research,10.3390/s140304312,['continuity interoperability'],exclude - clinical topic/irrelevant mechanism
34012452,Digital Twins for Multiple Sclerosis.,Voigt I; Inojosa H; Dillenseger A; Haase R; Akgün K; Ziemssen T,2021,Frontiers in immunology,10.2196/preprints.18829,"['digital twin hospital', 'care pathway']",screened - potentially relevant
34153714,Impact of COVID-19 on healthcare organisation and cancer outcomes.,Bardet A; Fraslin AM; Marghadi J; Borget I; Faron M; Honoré C,2021,"European journal of cancer (Oxford, England : 1990)",10.1101/2020.05.27.20083287,['digital twin hospital'],screened - potentially relevant
34246892,A survey on genomic data by privacy-preserving techniques perspective.,B A; S S,2021,Computational biology and chemistry,10.1016/j.compbiolchem.2021.107538,['federated learning hospitals'],screened - potentially relevant
34247707,Macrocephaly in the Primary Care Provider's Office.,Bryant JP; Hernandez NE; Niazi TN,2021,Pediatric clinics of North America,10.1016/j.pcl.2021.04.004,['referral coordination'],exclude - clinical topic/irrelevant mechanism
34249698,Digital Support to Multimodal Community-Based Prehabilitation: Looking for Optimization of Health Value Generation.,Barberan-Garcia A; Cano I; Bongers BC; Seyfried S; Ganslandt T; Herrle F,2021,Frontiers in oncology,10.1111/bjhp.12324,['care pathway'],exclude - clinical topic/irrelevant mechanism
34421152,Gerrymandering for Justice: Redistricting U.S. Liver Allocation.,Gentry S; Chow E; Massie A; Segev D,2015,Interfaces,10.1287/inte.2015.0810,['digital twin hospital'],screened - potentially relevant
34457150,VERTIcal Grid lOgistic regression with Confidence Intervals (VERTIGO-CI).,Kim J; Li W; Bath T; Jiang X; Ohno-Machado L,2021,AMIA Joint Summits on Translational Science proceedings. AMIA Joint Summits on Translational Science,,['federated learning hospitals'],exclude - clinical topic/irrelevant mechanism
34478512,Financial Hardship in Survivorship Care Delivery.,Smith GL; Mendoza TR; Lowenstein LM; Shih YT,2021,Journal of the National Cancer Institute. Monographs,10.1093/jncimonographs/lgaa012,['cost navigation'],screened - potentially relevant
34478781,Connected healthcare: Improving patient care using digital health technologies.,Awad A; Trenfield SJ; Pollard TD; Ong JJ; Elbadawi M; McCoubrey LE,2021,Advanced drug delivery reviews,10.1016/j.addr.2021.113958,['care pathway'],exclude - clinical topic/irrelevant mechanism
34479387,New Standards for Clinical Decision Support: A Survey of The State of Implementation.,Taber P; Radloff C; Del Fiol G; Staes C; Kawamoto K,2021,Yearbook of medical informatics,10.1055/s-0041-1726502,['FHIR interoperability'],screened - potentially relevant
34583936,Improving hospital flow 'Ensiab Project'.,Alotaibi Y; Alnowaiser N; Alamry A,2021,BMJ open quality,10.1108/IJHCQA-03-2017-0054,['patient flow implementation'],screened - potentially relevant
34610909,Cancer patient navigation.,Blackley K,2021,BMJ supportive & palliative care,10.1136/bmjspcare-2020-002625,['patient navigation'],screened - potentially relevant
34613371,Blueprint for aligned data exchange for research and public health.,Michaels M; Syed S; Lober WB,2021,Journal of the American Medical Informatics Association : JAMIA,10.1146/annurev-publhealth-031914-122747,['FHIR interoperability'],exclude - clinical topic/irrelevant mechanism
34653188,Cost-effectiveness of patient navigation programs for stroke patients-A systematic review.,Kass B; Dornquast C; Meisel A; Holmberg C; Rieckmann N; Reinhold T,2021,PloS one,10.1377/hlthaff.2019.01088,['cost navigation'],exclude - clinical topic/irrelevant mechanism
34693280,In the Pursuit of Privacy: The Promises and Predicaments of Federated Learning in Healthcare.,Topaloglu MY; Morrell EM; Rajendran S; Topaloglu U,2021,Frontiers in artificial intelligence,10.1109/TIFS.2020.2988575,['federated learning hospitals'],screened - potentially relevant
34738074,Machine learning in patient flow: a review.,El-Bouri R; Taylor T; Youssef A; Zhu T; Clifton DA,2021,"Progress in biomedical engineering (Bristol, England)",10.3414/ME17-01-0024,['patient flow queues'],screened - potentially relevant
34815983,Advancing COVID-19 Diagnosis with Privacy-Preserving Collaboration in Artificial Intelligence.,Bai X; Wang H; Ma L; Xu Y; Gan J; Fan Z,2021,ArXiv,10.5281/ZENODO.5560136,['federated learning hospitals'],exclude - clinical topic/irrelevant mechanism
34862548,Machine Learning and Ethics.,Mathiesen T; Broekman M,2022,Acta neurochirurgica. Supplement,10.1007/s13347-017-0293-z,['capacity demand forecasting'],screened - potentially relevant
34891716,A Prototype of the National EHR system for Cyprus.,Papaioannou M; Neocleous A; Savva P; Miguel F; Panayides A; Antoniou Z,2021,Annual International Conference of the IEEE Engineering in Medicine and Biology Society. IEEE Engineering in Medicine and Biology Society. Annual International Conference,10.1109/EMBC46164.2021.9630760,['FHIR interoperability'],screened - potentially relevant
35014968,Barriers to and Facilitators of Automated Patient Self-scheduling for Health Care Organizations: Scoping Review.,Woodcock EW,2022,Journal of medical Internet research,10.1186/s13012-020-01049-0,['appointment scheduling'],screened - potentially relevant
35103230,Semantic interoperability in health records standards: a systematic literature review.,de Mello BH; Rigo SJ; da Costa CA; da Rosa Righi R; Donida B; Bez MR,2022,Health and technology,10.1145/3397512,['continuity interoperability'],exclude - clinical topic/irrelevant mechanism
35207769,Emergency Department Overcrowding: Understanding the Factors to Find Corresponding Solutions.,Savioli G; Ceresa IF; Gri N; Bavestrello Piccini G; Longhitano Y; Zanza C,2022,Journal of personalized medicine,10.1016/j.annemergmed.2017.07.022,"['patient flow queues', 'patient flow implementation']",screened - potentially relevant
35240046,Quality Improvement Project to Increase Postpartum Clinic Visits for Publicly Insured Women.,Kuster A; Lee KA; Sligar K,2022,"Journal of obstetric, gynecologic, and neonatal nursing : JOGNN",10.1016/j.jogn.2022.01.002,['appointment scheduling'],screened - potentially relevant
35440643,Communication-efficient federated learning via knowledge distillation.,Wu C; Wu F; Lyu L; Huang Y; Xie X,2022,Nature communications,10.1016/j.jbi.2012.04.008,['federated learning hospitals'],screened - potentially relevant
35584404,Navigating financial toxicity in patients with cancer: A multidisciplinary management approach.,Smith GL; Banegas MP; Acquati C; Chang S; Chino F; Conti RM,2022,CA: a cancer journal for clinicians,10.3322/caac.21730,['cost navigation'],screened - potentially relevant
35605056,Avoiding Crisis Conditions in the Healthcare Infrastructure: 2 Case Studies in Statewide Collaboration.,Lowe AE; Garzon H; Lookadoo RE; Lawler JV; Duncan D; Schwedhelm S,2022,Health security,10.1089/hs.2021.0185,['capacity demand forecasting'],screened - potentially relevant
35672963,FAIRness for FHIR: Towards Making Health Datasets FAIR Using HL7 FHIR.,Martínez-García A; Cangioli G; Chronaki C; Löbe M; Beyan O; Juehne A,2022,Studies in health technology and informatics,10.3233/SHTI220024,['FHIR interoperability'],screened - potentially relevant
35709352,"Missed initial appointments at Israeli child development centres: Rate, reasons, and associated characteristics.",Hirsh-Yechezkel G; Glasser S; Gabis LV; Eden A; Savitzki D; Farhi A,2022,The International journal of health planning and management,10.1108/JHOM-04-2015-0061,['dynamic scheduling'],screened - potentially relevant
35761864,Optimal scheduling in cloud healthcare system using Q-learning algorithm.,Li Y; Wang H; Wang N; Zhang T,2022,Complex & intelligent systems,10.1007/s10845-018-1454-3,['dynamic scheduling'],screened - potentially relevant
35799370,Design and validation of a FHIR-based EHR-driven phenotyping toolbox.,Brandt PS; Pacheco JA; Adekkanattu P; Sholle ET; Abedian S; Stone DJ,2022,Journal of the American Medical Informatics Association : JAMIA,10.1145/182.358434,['FHIR interoperability'],exclude - clinical topic/irrelevant mechanism
35898077,An Efficient and Privacy-Preserving Scheme for Disease Prediction in Modern Healthcare Systems.,Padinjappurathu Gopalan S; Chowdhary CL; Iwendi C; Farid MA; Ramasamy LK,2022,"Sensors (Basel, Switzerland)",10.3390/electronics11010157,['federated learning hospitals'],exclude - clinical topic/irrelevant mechanism
35912725,Federated Learning in Dentistry: Chances and Challenges.,Rischke R; Schneider L; Müller K; Samek W; Schwendicke F; Krois J,2022,Journal of dental research,10.1016/j.eswa.2018.04.001,['federated learning hospitals'],screened - potentially relevant
36073470,Strategies and Recommendation for Data Loading of FHIR-Based Data Marts with Focus on GDPR Compliance.,Anywar M; Schreiweis B; Ulrich H,2022,Studies in health technology and informatics,10.3233/SHTI220921,['FHIR interoperability'],exclude - clinical topic/irrelevant mechanism
36076268,Pathling: analytics on FHIR.,Grimes J; Szul P; Metke-Jimenez A; Lawley M; Loi K,2022,Journal of biomedical semantics,10.1186/s13326-020-00230-0,['FHIR interoperability'],screened - potentially relevant
36152989,"Nonallergic Rhinitis, Allergic Rhinitis, and Immunotherapy: Advances in the Last Decade.",Ponda P; Carr T; Rank MA; Bousquet J,2023,The journal of allergy and clinical immunology. In practice,10.1016/j.jaip.2022.09.010,['care pathway'],screened - background/unclear
36198326,OpenFL: the open federated learning library.,Foley P; Sheller MJ; Edwards B; Pati S; Riviera W; Sharma M,2022,Physics in medicine and biology,10.1371/journal.pmed.1002683,['federated learning hospitals'],screened - potentially relevant
36226707,Impact of ICU strain on outcomes.,Duggal A; Mathews KS,2022,Current opinion in critical care,10.1097/MCC.0000000000000993,['capacity demand forecasting'],screened - potentially relevant
36348571,Feasibility of Patient Navigation for Care Planning in Primary Care.,Hinesley JLG; Brooks EM; O'Loughlin K; Webel B; Britz J; Kashiri PL,2022,Journal of primary care & community health,10.1186/1748-5908-8-73,['patient navigation'],screened - potentially relevant
36362781,Digital Twins in Radiology.,Pesapane F; Rotili A; Penco S; Nicosia L; Cassano E,2022,Journal of clinical medicine,10.1016/j.semradonc.2022.06.012,['digital twin hospital'],screened - potentially relevant
36460455,Extending floating catchment area methods to estimate future hospital bed capacity requirements.,Fowler D; Middleton P; Lim S,2022,Spatial and spatio-temporal epidemiology,10.1016/j.sste.2022.100544,['healthcare access geography'],screened - potentially relevant
36497654,Blockchain Technology for Electronic Health Records.,Han Y; Zhang Y; Vermund SH,2022,International journal of environmental research and public health,10.1038/s41893-018-0152-7,['continuity interoperability'],screened - potentially relevant
36502401,"Infection Prevention and Control Initiatives to Prevent Healthcare-Associated Transmission of SARS-CoV-2, East Africa.",Gomes DJ; Hazim C; Safstrom J; Herzig C; Luvsansharav U; Dennison C,2022,Emerging infectious diseases,10.1016/j.jhin.2012.04.011,['capacity demand forecasting'],screened - potentially relevant
36523960,Digital health for allergen immunotherapy.,Dramburg S; Matricardi PM; Pfaar O; Klimek L,2022,Allergologie select,10.5414/ALX02301E,['care pathway'],screened - potentially relevant
36536417,Rare disease education in Europe and beyond: time to act.,Tumiene B; Peters H; Melegh B; Peterlin B; Utkus A; Fatkulina N,2022,Orphanet journal of rare diseases,10.3389/fped.2020.579924,['care pathway'],exclude - clinical topic/irrelevant mechanism
36897627,Development and Internal Validation of the Digital Health Readiness Questionnaire: Prospective Single-Center Survey Study.,Scherrenberg M; Falter M; Kaihara T; Xu L; van Leunen M; Kemps H,2023,Journal of medical Internet research,10.2196/jmir.1840,['care pathway'],screened - potentially relevant
36909974,A Comprehensive Survey on Federated Learning Techniques for Healthcare Informatics.,Dasaradharami Reddy K; Gadekallu TR,2023,Computational intelligence and neuroscience,10.1007/978-981-15-9735-0_1,['federated learning hospitals'],exclude - clinical topic/irrelevant mechanism
37044052,Privacy-preserving artificial intelligence in healthcare: Techniques and applications.,Khalid N; Qayyum A; Bilal M; Al-Fuqaha A; Qadir J,2023,Computers in biology and medicine,10.1016/j.compbiomed.2023.106848,['federated learning hospitals'],screened - potentially relevant
37203691,Implementation of Interoperable Healthcare Standards for Community Healthcare.,Bae YS; Park Y; Lee SM; You H; Park Y; Lee H,2023,Studies in health technology and informatics,10.3233/SHTI230146,['continuity interoperability'],screened - potentially relevant
37358040,Patient navigation across the cancer care continuum: An overview of systematic reviews and emerging literature.,Chan RJ; Milch VE; Crawford-Williams F; Agbejule OA; Joseph R; Johal J,2023,CA: a cancer journal for clinicians,10.3322/caac.21788,['patient navigation'],screened - potentially relevant
37380750,Algorithmic fairness in artificial intelligence for medicine and healthcare.,Chen RJ; Wang JJ; Williamson DFK; Chen TY; Lipkova J; Lu MY,2023,Nature biomedical engineering,10.48550/arXiv.1807.00392,['federated learning hospitals'],exclude - clinical topic/irrelevant mechanism
37560686,Health care overbooking cost minimization model.,Almaktoom AT,2023,Heliyon,10.1177/11786329221121214,['dynamic scheduling'],screened - potentially relevant
37746489,Virtual and Augmented Reality in Spine Surgery: An Era of Immersive Healthcare.,Hasan S; Miller A; Higginbotham D; Saleh ES; McCarty S,2023,Cureus,10.7759/cureus.43964,['cost navigation'],screened - potentially relevant
37885437,Artificial intelligence in the field of pharmacy practice: A literature review.,Chalasani SH; Syed J; Ramesh M; Patil V; Pramod Kumar TM,2023,Exploratory research in clinical and social pharmacy,10.2861/568473,['cost navigation'],exclude - clinical topic/irrelevant mechanism
38264185,Advancing COVID-19 diagnosis with privacy-preserving collaboration in artificial intelligence.,Bai X; Wang H; Ma L; Xu Y; Gan J; Fan Z,2021,Nature machine intelligence,10.5281/ZENODO.5560136,['federated learning hospitals'],exclude - clinical topic/irrelevant mechanism
38290928,Transitional Care Navigation.,Rodriguez AL; Cappelletti L; Kurian SM; Passio C; Rux S,2024,Seminars in oncology nursing,10.1016/j.soncn.2024.151580,['patient navigation'],exclude - clinical topic/irrelevant mechanism
38360499,Introduction - Patient Navigation in Cancer Care.,Burbage D,2024,Seminars in oncology nursing,10.1016/j.soncn.2024.151591,['patient navigation'],screened - potentially relevant
38362546,"Atrial fibrillation: epidemiology, screening and digital health.",Linz D; Gawalko M; Betz K; Hendriks JM; Lip GYH; Vinter N,2024,The Lancet regional health. Europe,10.1056/NEJMoa2303062,['care pathway'],screened - potentially relevant
38443894,Patient flow in emergency departments: a comprehensive umbrella review of solutions and challenges across the health system.,Samadbeik M; Staib A; Boyle J; Khanna S; Bosley E; Bodnar D,2024,BMC health services research,10.1016/j.annemergmed.2018.11.029,['patient flow implementation'],screened - potentially relevant
38519626,Digital twins for health: a scoping review.,Katsoulakis E; Wang Q; Wu H; Shahriyari L; Fletcher R; Liu J,2024,NPJ digital medicine,10.5492/wjccm.v10.i4.112,['digital twin hospital'],screened - potentially relevant
38532133,Digital twins in medicine.,Laubenbacher R; Mehrad B; Shmulevich I; Trayanova N,2024,Nature computational science,10.1007/s10439-022-03112-x,['digital twin hospital'],screened - potentially relevant
38553625,Foundation metrics for evaluating effectiveness of healthcare conversations powered by generative AI.,Abbasian M; Khatibi E; Azimi I; Oniani D; Shakeri Hossein Abad Z; Thieme A,2024,NPJ digital medicine,10.14778/3007263.3007314,['dynamic scheduling'],exclude - clinical topic/irrelevant mechanism
38581470,Patient Navigation in Cancer Treatment: A Systematic Review.,Chen M; Wu VS; Falk D; Cheatham C; Cullen J; Hoehn R,2024,Current oncology reports,10.1002/cncr.34044,['patient navigation'],screened - potentially relevant
38650325,Patient navigation in women's health care for maternal health and noncancerous gynecologic conditions: a scoping review.,Oh J,2024,"Women's health nursing (Seoul, Korea)",10.1016/j.anr.2021.10.001,['patient navigation'],screened - potentially relevant
38681759,Analyzing the Impact of Personalization on Fairness in Federated Learning for Healthcare.,Wang T; Zhang K; Cai J; Gong Y; Choo KR; Guo Y,2024,Journal of healthcare informatics research,10.1038/s41598-018-24271-9,['federated learning hospitals'],exclude - clinical topic/irrelevant mechanism
38935862,Adaptations to a patient navigation program for follow-up colonoscopy in rural primary care practices.,Thompson JH; Rivelli JS; Schneider JL; Kenzie ES; Myers E; Coury J,2024,Journal of evaluation in clinical practice,10.12688/f1000research.10427.1,['patient navigation'],screened - potentially relevant
38971567,"Concepts for the Development of Person-Centered, Digitally Enabled, Artificial Intelligence-Assisted ARIA Care Pathways (ARIA 2024).",Bousquet J; Schünemann HJ; Sousa-Pinto B; Zuberbier T; Togias A; Samolinski B,2024,The journal of allergy and clinical immunology. In practice,10.1016/j.jaip.2024.06.040,['care pathway'],screened - potentially relevant
39172185,Advancing Patient Navigation for HIV: Evaluating Models of Care for Housing and Employment.,Lightner JS; Chesnut S; Cabral HJ; Myers JJ; Brooks RA; Byrne T,2024,AIDS and behavior,10.2105/AJPH.2021.306688,['patient navigation'],screened - potentially relevant
39233690,Concepts and applications of digital twins in healthcare and medicine.,Zhang K; Zhou HY; Baptista-Hon DT; Gao Y; Liu X; Oermann E,2024,"Patterns (New York, N.Y.)",10.48550/arXiv.2203.02155,['digital twin hospital'],exclude - clinical topic/irrelevant mechanism
39259650,Privacy preserving technology in ophthalmology.,Yang Y; Chen X; Lin H,2024,Current opinion in ophthalmology,10.1097/ICU.0000000000001087,['federated learning hospitals'],exclude - clinical topic/irrelevant mechanism
39296807,Privacy-preserving decentralized learning methods for biomedical applications.,Tajabadi M; Martin R; Heider D,2024,Computational and structural biotechnology journal,10.1016/j.eswa.2022.119159,['federated learning hospitals'],screened - potentially relevant
39322420,Cardiovascular care with digital twin technology in the era of generative artificial intelligence.,Thangaraj PM; Benson SH; Oikonomou EK; Asselbergs FW; Khera R,2024,European heart journal,10.2196/49003,['digital twin hospital'],exclude - clinical topic/irrelevant mechanism
39361435,Patient navigation in reproductive healthcare.,Schechter M; Espey E; Krashin JW,2024,Current opinion in obstetrics & gynecology,10.1363/psrh.12240,['patient navigation'],screened - potentially relevant
39631930,Digital remote maintenance inhaler adherence interventions in COPD: a systematic review and meta-analysis.,Aung H; Tan R; Flynn C; Divall P; Wright A; Murphy A,2024,European respiratory review : an official journal of the European Respiratory Society,10.1186/s13063-020-04694-4,['care pathway'],exclude - clinical topic/irrelevant mechanism
39649413,The European Digital Identity Wallet: A Healthcare Perspective.,Van Roijen D,2024,Blockchain in healthcare today,10.30953/bhty.v7.344,['continuity interoperability'],screened - background/unclear
3968921,The determinants of spatial distribution of hospital utilization in a region.,Cohen MA; Lee HL,1985,Medical care,10.1097/00005650-198501000-00004,['healthcare access geography'],exclude - clinical topic/irrelevant mechanism
39989345,Digital twin systems for musculoskeletal applications: A current concepts review.,Diniz P; Grimm B; Garcia F; Fayad J; Ley C; Mouton C,2025,"Knee surgery, sports traumatology, arthroscopy : official journal of the ESSKA",10.1002/ksa.12627,['digital twin hospital'],screened - potentially relevant
40256649,Evaluating the Impact of Smart Infusion Pump Interoperability on Reducing Medication Administration Errors: A Systematic Literature Review.,Borrelli EP; Lucaci JD; Wilson NS; Taneja A; Weiss M; Beer I,2025,"Medical devices (Auckland, N.Z.)",10.1007/BF02600255,['continuity interoperability'],exclude - clinical topic/irrelevant mechanism
40388245,[Not Available].,Aricat A; Jego-Sablier M; Vermesch M,2024,"Sante publique (Vandoeuvre-les-Nancy, France)",10.3917/spub.244.0101,['care pathway'],exclude - clinical topic/irrelevant mechanism
40540146,The rise of robotics and AI-assisted surgery in modern healthcare.,Wah JNK,2025,Journal of robotic surgery,10.3389/fbioe.2025.1491775,['digital twin hospital'],screened - potentially relevant
41154939,Interoperability as a Catalyst for Digital Health and Therapeutics: A Scoping Review of Emerging Technologies and Standards (2015-2025).,Adegoke K; Adegoke A; Dawodu D; Adekoya A; Bayowa A; Kayode T,2025,International journal of environmental research and public health,10.1109/ICHI.2019.8904625,['FHIR interoperability'],screened - potentially relevant
41341463,Digital twins in healthcare: a comprehensive review and future directions.,Khoshfekr Rudsari H; Tseng B; Zhu H; Song L; Gu C; Roy A,2025,Frontiers in digital health,10.1016/j.jtbi.2012.02.002,['digital twin hospital'],exclude - clinical topic/irrelevant mechanism
41555035,An LLM chatbot to facilitate primary-to-specialist care transitions: a randomized controlled trial.,Tao X; Zhou S; Ding K; Li S; Li Y; Wu B,2026,Nature medicine,10.1038/s41746-021-00455-y,['referral coordination'],exclude - clinical topic/irrelevant mechanism
42604059,Crisis readiness for rare disease populations: learnings and recommendations by the European Reference Networks.,Dollfus H; Arzimanoglou A; Evangelista T; Graessner H; Mosca M; Sangiorgi L,2026,The Lancet regional health. Europe,10.1056/NEJMc2601288,['care pathway'],exclude - clinical topic/irrelevant mechanism
7299561,Appointment-keeping behavior in adolescents.,Irwin CE; Millstein SG; Shafer MA,1981,The Journal of pediatrics,10.1016/s0022-3476(81)80416-7,['appointment scheduling'],exclude - clinical topic/irrelevant mechanism
8173432,Specialist outreach clinics in general practice.,Bailey JJ; Black ME; Wilkin D,1994,BMJ (Clinical research ed.),10.1136/bmj.308.6936.1083,['referral coordination'],exclude - clinical topic/irrelevant mechanism
8492587,Linking patients to hospitals. Defining urban hospital service populations.,Roos NP,1993,Medical care,10.1097/00005650-199305001-00003,['healthcare access geography'],exclude - clinical topic/irrelevant mechanism
8764521,"Health-care challenges: resource allocation, politics, and the impact on minorities.",Walton TM,1996,Journal of the National Medical Association,,['capacity demand forecasting'],screened - background/unclear
9133783,The implementation of integrated mother and child health and family planning services.,Walley J,1997,Tropical doctor,10.1177/004947559702700205,['patient flow implementation'],screened - potentially relevant
9487966,Comparison of Asian and English non-attenders at a hospital outpatient department.,Gatrad AR,1997,Archives of disease in childhood,10.1136/adc.77.5.423,['no-show prediction'],exclude - clinical topic/irrelevant mechanism
